"";"x"
"1";"PELLWORM"
"2";"OBERDERDINGEN"
"3";"LIST"
"4";"TREBEL"
"5";"ZAHNA"
"6";"WÖRLITZ"
"7";"GROSSSCHWEIDNITZ"
"8";"DITTERSDORF"
"9";"NAUORT"
"10";"WINTERBERG"
"11";"OBERELSBACH"
"12";"MÜNSTER-SARMSHEIM"
"13";"ELDENA"
"14";"OBEROSTENDORF"
"15";"NORDGERMERSLEBEN"
"16";"SCHÖNAU"
"17";"ERLIGHEIM"
"18";"FORCHTENBERG"
"19";"RONSBERG"
"20";"JAHNSBACH"
"21";"SCHWABSTEDT"
"22";"BREHNA"
"23";"OSTERBURKEN"
"24";"HEINSEN"
"25";"UELZEN"
"26";"BARUM"
"27";"ATTENDORN"
"28";"BEUREN (HOCHWALD)"
"29";"EICHSTÄTT"
"30";"SELIGENTHAL"
"31";"WIPPRA"
"32";"PLIENING"
"33";"THEDINGHAUSEN"
"34";"HOHBERG"
"35";"NEUHOFEN"
"36";"IMMENSTAAD AM BODENSEE"
"37";"SPEYER"
"38";"WESTERLAND"
"39";"DORNHAN"
"40";"HAUSEN"
"41";"HENNEF (SIEG)"
"42";"HEUSTREU"
"43";"STOTTERNHEIM"
"44";"NOTTULN"
"45";"HASSERODE"
"46";"KÖNIGSWALDE"
"47";"OBERLICHTENAU"
"48";"TARP"
"49";"DASING"
"50";"EPPERTSHAUSEN"
"51";"BATTENBERG (EDER)"
"52";"BRÄUNLINGEN"
"53";"FORSTERN"
"54";"TRABITZ"
"55";"WALLENDORF"
"56";"NEU WULMSTORF"
"57";"EBRACH"
"58";"RADBRUCH"
"59";"BELL (HUNSRÜCK)"
"60";"URACH"
"61";"ÖHRINGEN"
"62";"RATZENHOFEN"
"63";"SCHWETZINGEN"
"64";"RAMSIN"
"65";"BUCH AM BUCHRAIN"
"66";"TRÖGLITZ"
"67";"UETERSEN"
"68";"SCHWARZACH AM MAIN"
"69";"ÜXHEIM"
"70";"SCHWARZENBACH AM WALD"
"71";"WEIL"
"72";"GÜSEN"
"73";"LEIWEN"
"74";"INGOLDINGEN"
"75";"ESCHAU"
"76";"THEMAR"
"77";"NÜSTTAL"
"78";"BAD WIMPFEN"
"79";"DRANGSTEDT"
"80";"HEILIGENHAUS"
"81";"SEELBACH"
"82";"ÜBERSEE"
"83";"VEILSDORF"
"84";"BADEM"
"85";"GERHARDSHOFEN"
"86";"SCHORNDORF"
"87";"SCHALKSMÜHLE"
"88";"KRAILING"
"89";"SIERSHAHN"
"90";"GITTELDE"
"91";"GIEBELSTADT"
"92";"BECHTOLSHEIM"
"93";"HORN-BAD MEINBERG"
"94";"GYHUM"
"95";"NEUHAUS AN DER PEGNITZ"
"96";"ALBERSDORF"
"97";"HERLESHAUSEN"
"98";"NEULER"
"99";"NORDLEDA"
"100";"WENDELSTEIN"
"101";"TOLLWITZ"
"102";"GOSSERSWEILER-STEIN"
"103";"FÜRSTENBERG"
"104";"KLEINOLBERSDORF-ALTENHAIN"
"105";"REICHARTSHAUSEN"
"106";"HOFHEIM IN UNTERFRANKEN"
"107";"TEISNACH"
"108";"NIENBURG"
"109";"GEMÜNDEN AM MAIN"
"110";"ENZKLÖSTERLE"
"111";"ATZENDORF"
"112";"SÜSSEN"
"113";"MENDEN (SAUERLAND)"
"114";"SCHILLINGEN"
"115";"NANDLSTADT"
"116";"MOORBAD LOBENSTEIN"
"117";"WECHINGEN"
"118";"ORTMANNSDORF"
"119";"BLEKENDORF"
"120";"LOSSBURG"
"121";"OBERNZENN"
"122";"DONZDORF"
"123";"NIDDERAU"
"124";"GRANA"
"125";"RHENS"
"126";"LEGAU"
"127";"SALGEN"
"128";"WINHÖRING"
"129";"SCHLUCHSEE"
"130";"AROLSEN"
"131";"GERABRONN"
"132";"BIRKENFELD"
"133";"WERMELSKIRCHEN"
"134";"JORK"
"135";"RIMPAR"
"136";"ICKING"
"137";"WALD-MICHELBACH"
"138";"FAULBACH"
"139";"MIDLUM"
"140";"GREIMERATH"
"141";"LANGLINGEN"
"142";"LÜBBENAU"
"143";"GERNSBACH"
"144";"HILTENFINGEN"
"145";"FALKENSEE"
"146";"BREUBERG"
"147";"KARSTÄDT"
"148";"STADE"
"149";"ELLENBERG"
"150";"BUSECK"
"151";"MAGSTADT"
"152";"WIEHL"
"153";"STUTTGART"
"154";"OSTRITZ"
"155";"NITTENDORF"
"156";"BUXHEIM"
"157";"GACHENBACH"
"158";"HÜTTENBERG"
"159";"THUMITZ"
"160";"HÖCHHEIM"
"161";"RHEDEN"
"162";"TEMPLIN"
"163";"OBERKOTZAU"
"164";"HINTE"
"165";"BAD BENTHEIM"
"166";"VOLKACH"
"167";"BURGKUNSTADT"
"168";"GRIESBACH IM ROTTAL"
"169";"MELDORF"
"170";"MEHRSTETTEN"
"171";"HOHENPEISSENBERG"
"172";"TEUCHERN"
"173";"WERNECK"
"174";"FREUDENBURG"
"175";"RAINAU"
"176";"THIERHAUPTEN"
"177";"WENDISCH EVERN"
"178";"BUCHHOLZ IN DER NORDHEIDE"
"179";"WERL"
"180";"KIRCHENPINGARTEN"
"181";"GLASHÜTTEN"
"182";"ZELLERTAL"
"183";"EBELEBEN"
"184";"EITERFELD"
"185";"HENNWEILER"
"186";"LEUBSDORF"
"187";"ZAISENHAUSEN"
"188";"HOHENDODELEBEN"
"189";"NEUENBURG AM RHEIN"
"190";"DACHSBACH"
"191";"GREMERSDORF"
"192";"BÜHLERZELL"
"193";"PÖRNBACH"
"194";"DORNBURG"
"195";"KÖNIGS WUSTERHAUSEN"
"196";"ARNBRUCK"
"197";"SOMMERKAHL"
"198";"CASTROP-RAUXEL"
"199";"MOORENWEIS"
"200";"SCHELLERTEN"
"201";"LENGENWANG"
"202";"HEIDE"
"203";"GLONN"
"204";"JONSDORF"
"205";"PIRNA"
"206";"KRIEGSFELD"
"207";"HEININGEN"
"208";"RÜCKERSDORF"
"209";"GROSSROSSELN"
"210";"WESTERRÖNFELD"
"211";"SCHIERSTEDT"
"212";"RHEINFELDEN (BADEN)"
"213";"LINDAU"
"214";"HERDECKE"
"215";"BÜDDENSTEDT"
"216";"GEISELHÖRING"
"217";"HASEL"
"218";"UPGANT-SCHOTT"
"219";"RÖDERSHEIM-GRONAU"
"220";"LANGENHAGEN"
"221";"GERZEN"
"222";"ALHEIM"
"223";"MARKTL"
"224";"EGMATING"
"225";"DINSLAKEN"
"226";"HOHENTHURM"
"227";"LIMESHAIN"
"228";"SIERKSDORF"
"229";"NORTORF"
"230";"FLONHEIM"
"231";"AU IN DER HALLERTAU"
"232";"OELSA"
"233";"PLATTLING"
"234";"WITTEN"
"235";"ZEITLARN"
"236";"EICHENZELL"
"237";"QUEIDERSBACH"
"238";"UTTING AM AMMERSEE"
"239";"WISCHHAFEN"
"240";"SCHWEBHEIM"
"241";"HOMBURG"
"242";"GÖDA"
"243";"LOBSTÄDT"
"244";"WIRDUM"
"245";"DITFURT"
"246";"MARKTOBERDORF"
"247";"NÜDLINGEN"
"248";"PÖSSNECK"
"249";"URMITZ"
"250";"SEEHEIM-JUGENHEIM"
"251";"BÄRENSTEIN"
"252";"EISENBERG (PFALZ)"
"253";"TÖGING AM INN"
"254";"DIETRAMSZELL"
"255";"OSTERBURG"
"256";"STEINBACH"
"257";"GARTZ"
"258";"NITTENAU"
"259";"ELSDORF"
"260";"GROSSSOLT"
"261";"REINSFELD"
"262";"PHILIPPSTHAL (WERRA)"
"263";"NEUHAUS"
"264";"STRULLENDORF"
"265";"BAD BIBRA"
"266";"GOLDBECK"
"267";"ALTÖTTING"
"268";"TRIERWEILER"
"269";"RENCHEN"
"270";"BREIHOLZ"
"271";"EMSDETTEN"
"272";"SEXAU"
"273";"WERDAU"
"274";"HASSFURT"
"275";"BLAUBEUREN"
"276";"EHRENBURG"
"277";"GEHREN"
"278";"ÜHLFELD"
"279";"ESCHEBURG"
"280";"BUTTSTÄDT"
"281";"BANN"
"282";"GORNAU"
"283";"LENGERICH"
"284";"HEMMINGEN"
"285";"PLAIDT"
"286";"SCHÖNBERG"
"287";"STEINHAUSEN AN DER ROTTUM"
"288";"ZOLLING"
"289";"BARSSEL"
"290";"BINSFELD"
"291";"TREDELBURG"
"292";"NONNWEILER"
"293";"HESEL"
"294";"RODEWALD"
"295";"DINGOLSHAUSEN"
"296";"COESFELD"
"297";"HAMBURG"
"298";"BOXDORF"
"299";"ALLERSBERG"
"300";"SPAICHINGEN"
"301";"HÖHR-GRENZHAUSEN"
"302";"MEISSNER"
"303";"GARBSEN"
"304";"CROTTENDORF"
"305";"LANGEN"
"306";"ACHSLACH"
"307";"ALLENDORF (EDER)"
"308";"BITBURG"
"309";"SCHÖNKIRCHEN"
"310";"WALDEMS"
"311";"RULLSTORF"
"312";"DURLANGEN"
"313";"LEIMEN"
"314";"HAMMAH"
"315";"SCHAFFLUND"
"316";"TROSTBERG"
"317";"PETTING"
"318";"SCHÖNWALDE"
"319";"SIEK"
"320";"SCHLÜSSELFELD"
"321";"PANSCHWITZ"
"322";"WARBERG"
"323";"BERGLERN"
"324";"FRIEDRICHSTHAL"
"325";"LICHTENFELS"
"326";"HALLBACH"
"327";"ESSENBACH"
"328";"NATTHEIM"
"329";"KÖNIGSHAIN"
"330";"EROLZHEIM"
"331";"SANKT AUGUSTIN"
"332";"POLKENBERG"
"333";"MÖLLN"
"334";"ANNAHÜTTE"
"335";"RHEINBACH"
"336";"NIEDERODERWITZ"
"337";"MEISENHEIM"
"338";"NUSSDORF"
"339";"WILBURGSTETTEN"
"340";"LICH"
"341";"EVESSEN"
"342";"WEIGMANNSDORF"
"343";"ALTENSTADT"
"344";"UNSEBURG"
"345";"BAD LIEBENSTEIN"
"346";"KRÖNING"
"347";"SASSENBERG"
"348";"RODEWISCH"
"349";"SCHLEIZ"
"350";"ALTENMARKT AN DER ALZ"
"351";"ROSDORF"
"352";"AUGUSTUSBURG"
"353";"LANGENAU"
"354";"BRETZENHEIM"
"355";"LEUTENBACH"
"356";"LAUFEN"
"357";"JESBERG"
"358";"ÖLBRONN-DÜRRN"
"359";"ALTENWEDDINGEN"
"360";"ILSFELD"
"361";"GLOSSEN"
"362";"GILLENFELD"
"363";"PLEYSTEIN"
"364";"GUNTERSBLUM"
"365";"FRIESOYTHE"
"366";"SIGMARSZELL"
"367";"ELLHOFEN"
"368";"MÖNSHEIM"
"369";"ZEISKAM"
"370";"SCHLÜCHTERN"
"371";"PERLEBERG"
"372";"MOOSTHENNING"
"373";"LINDEWITT"
"374";"ERDMANNSDORF"
"375";"NEUSTADT"
"376";"HINTERSCHMIDING"
"377";"FULDA"
"378";"BRETNIG"
"379";"EGGEBEK"
"380";"ASENDORF"
"381";"NORTHEIM"
"382";"SCHWANEWEDE"
"383";"WESENBERG"
"384";"WHEDERAU"
"385";"ANDERNACH"
"386";"OELSNITZ"
"387";"KÖDITZ"
"388";"WÜLFRATH"
"389";"HÜTSCHENHAUSEN"
"390";"GAILDORF"
"391";"RINGSHEIM"
"392";"GRATTERSDORF"
"393";"DEUTSCHNEUDORF"
"394";"TARMSTEDT"
"395";"LANGEBRÜCK"
"396";"NASSAU"
"397";"MESSSTETTEN"
"398";"HÖRNUM (SYLT)"
"399";"HANSTEDT"
"400";"OBERBOBRITZSCH"
"401";"WALDBRUNN (WESTERWALD)"
"402";"LANGENDORF"
"403";"BERNBEUREN"
"404";"UETTINGEN"
"405";"OCHTRUP"
"406";"EPPENBRUNN"
"407";"HAIMHAUSEN"
"408";"GROSSALMERODE"
"409";"WARIN"
"410";"ALLSTEDT"
"411";"KEHL"
"412";"DIETERSBURG"
"413";"KONRADSREUTH"
"414";"GRABEN"
"415";"BÖRNICHEN"
"416";"TREFFELSTEIN"
"417";"HODENHAGEN"
"418";"BORSTEL"
"419";"HOLZKIRCHEN"
"420";"KIRCHHAM"
"421";"TRAUTSKIRCHEN"
"422";"GERDAU"
"423";"WEISSENTHURM"
"424";"BLEICHERODE"
"425";"PRONSTORF"
"426";"UNTERWÖSSEN"
"427";"SCHIERLING"
"428";"LONSEE"
"429";"GILSERBERG"
"430";"SCHWANSTETTEN"
"431";"WOLLBACH"
"432";"LINDEN"
"433";"BORNA"
"434";"OBERNHEIM"
"435";"SPARDORF"
"436";"MECHERNICH"
"437";"BUDENHEIM"
"438";"GROSSBETTINGEN"
"439";"ZIEMETSHAUSEN"
"440";"WINNWEILER"
"441";"KIRCHANSCHÖRING"
"442";"ESSEN"
"443";"WAAL"
"444";"JUIST"
"445";"WUNSIEDEL IM FICHTELGEBIRGE"
"446";"WERTHER (WESTFALEN)"
"447";"BRÖCKEL"
"448";"TREBNITZ"
"449";"HORNEBURG"
"450";"ERDING"
"451";"OLBERNHAU"
"452";"BILLIGHEIM-INGENHEIM"
"453";"NIDDATAL"
"454";"REINHARDSHAGEN"
"455";"BEIMERSTETTEN"
"456";"BECKEDORF"
"457";"SOTTRUM"
"458";"RANTRUM"
"459";"OSBURG"
"460";"LEUTERSHAUSEN"
"461";"ASSLAR"
"462";"STARNBERG"
"463";"ÖTISHEIM"
"464";"TUSSENHAUSEN"
"465";"SEIFERSDORF"
"466";"IRSEE"
"467";"WRIEDEL"
"468";"NAUHEIM"
"469";"NECKARZIMMERN"
"470";"IMMENHAUSEN"
"471";"GAUKÖNIGSHOFEN"
"472";"ALTENAHR"
"473";"HERSBRUCK"
"474";"HEIDENROD"
"475";"GROSS-BIEBERAU"
"476";"NIEDERELBERT"
"477";"PEGNITZ"
"478";"FRIEDRICHSTADT"
"479";"MONHEIM"
"480";"SYKE"
"481";"HATTINGEN"
"482";"OBERHAID"
"483";"GEVELSBERG"
"484";"BOGEN"
"485";"KIRRWEILER (PFALZ)"
"486";"MAINLEUS"
"487";"SEEBURG"
"488";"OLDENDORF"
"489";"WANKENDORF"
"490";"NEUTREBBIN"
"491";"PLETTENBERG"
"492";"DISCHINGEN"
"493";"DORMITZ"
"494";"KIRCHHEIM AM RIES"
"495";"OBERWESEL"
"496";"REICHENBACH-STEEGEN"
"497";"EBRINGEN"
"498";"GRIESHEIM"
"499";"WEILER-SIMMERBERG"
"500";"MERDINGEN"
"501";"BARDOWICK"
"502";"LABOE"
"503";"WORBIS"
"504";"THANNHAUSEN"
"505";"KOBLENZ"
"506";"BURGSINN"
"507";"NAGEL"
"508";"ALTENKREMPE"
"509";"ERXLEBEN"
"510";"ERKRATH"
"511";"OFTERSHEIM"
"512";"KIRSCHAU"
"513";"NIERSTEIN"
"514";"SCHWÄBISCH HALL"
"515";"NEUSTADT (WIED)"
"516";"GOTTESZELL"
"517";"SALDENBURG"
"518";"BESIGHEIM"
"519";"RHEINZABERN"
"520";"SCHÖNAU AN DER BREND"
"521";"LICHTENFELS"
"522";"RATTISZELL"
"523";"SELBITZ"
"524";"KRAFTSDORF"
"525";"LAUBUSCH"
"526";"KREBA-NEUDORF"
"527";"BORSTEL-HOHENRADEN"
"528";"STÖRNSTEIN"
"529";"EBERDINGEN"
"530";"DUNUM"
"531";"EITELBORN"
"532";"MARIENMÜNSTER"
"533";"BAD WURZACH"
"534";"FELDAFING"
"535";"POLLE"
"536";"RÜGLAND"
"537";"KAMPEN (SYLT)"
"538";"MÖDINGEN"
"539";"GESSERTSHAUSEN"
"540";"HEESLINGEN"
"541";"GAUERNITZ"
"542";"SALZHAUSEN"
"543";"HOCHDONN"
"544";"LANGENZENN"
"545";"NEUSCHOO"
"546";"UNTERFÖHRING"
"547";"STRASSBERG"
"548";"NEUKAMPERFEHN"
"549";"DEDELEBEN"
"550";"STAPELFELD"
"551";"SCHLIENGEN"
"552";"LANDKIRCHEN AUF FEHMARN"
"553";"MÜNSTERHAUSEN"
"554";"ALTENBURG"
"555";"LAMSPRINGE"
"556";"KÖNIGSBRUNN"
"557";"SCHILTBERG"
"558";"MERZEN"
"559";"MOGENDORF"
"560";"TORNESCH"
"561";"RÖLLBACH"
"562";"KÖRNER"
"563";"EISLEBEN"
"564";"HEIDGRABEN"
"565";"SEEBAD AHLBECK"
"566";"SIMMERN"
"567";"LEBUS"
"568";"LAUINGEN (DONAU)"
"569";"ELSTERBERG"
"570";"CAPPELN (OLDENBURG)"
"571";"OKRILLA"
"572";"STOLBERG"
"573";"UNTERREIT"
"574";"WEIDENBACH"
"575";"GEROLZHOFEN"
"576";"PEINE"
"577";"HARSEFELD"
"578";"WEILERSBACH"
"579";"BIRKENHEIDE"
"580";"GÖTTINGEN"
"581";"ZELLA-MEHLIS"
"582";"PLÖN"
"583";"REDWITZ AN DER RODACH"
"584";"REICHENAU"
"585";"OTTERFING"
"586";"PARKSTETTEN"
"587";"OBERASBACH"
"588";"HÖCHSTADT AN DER AISCH"
"589";"MINDEN"
"590";"GREIZ"
"591";"WAREN"
"592";"KÜRTEN"
"593";"BREY"
"594";"KASEL"
"595";"RÖTHENBACH AN DER PEGNITZ"
"596";"GOTTMADINGEN"
"597";"SAAL AN DER DONAU"
"598";"POTSDAM"
"599";"MÖGLINGEN"
"600";"CREGLINGEN"
"601";"FRIEDEBURG"
"602";"MÜCKE"
"603";"RHODT UNTER RIETBURG"
"604";"MASSBACH"
"605";"METZINGEN"
"606";"MERZDORF"
"607";"MÜNSTER"
"608";"IMMENDINGEN"
"609";"COPPENBRÜGGE"
"610";"AMORBACH"
"611";"ENSDORF"
"612";"STULLN"
"613";"BAD LIEBENZELL"
"614";"OSTBEVERN"
"615";"BRAND"
"616";"SCHONACH IM SCHWARZWALD"
"617";"SOMMERHAUSEN"
"618";"BERG BEI NEUMARKT"
"619";"MULFINGEN"
"620";"NIEDERWÜRSCHNITZ"
"621";"OSDORF"
"622";"INCHENHOFEN"
"623";"NECKARTENZLINGEN"
"624";"BUSDORF"
"625";"NORDSTEMMEN"
"626";"GROSSKAROLINENFELD"
"627";"HERINGEN (WERRA)"
"628";"WÄSCHENBEUREN"
"629";"BODELSHAUSEN"
"630";"GUNDELSHEIM"
"631";"OYBIN"
"632";"EBERSDORF"
"633";"GUNDELFINGEN"
"634";"WILKAU-HASSLAU"
"635";"HESSEN"
"636";"ZIESAR"
"637";"AUGUSTDORF"
"638";"HATTENHOFEN"
"639";"MUHR AM SEE"
"640";"STAIG"
"641";"GENGENBACH"
"642";"KURORT HARTHA"
"643";"NUFRINGEN"
"644";"BOPFINGEN"
"645";"ENGEN"
"646";"OSNABRÜCK"
"647";"LINDEN"
"648";"STADELHOFEN"
"649";"CELLE"
"650";"BURKAU"
"651";"DORNUM"
"652";"GEROLSHEIM"
"653";"UMKIRCH"
"654";"WEINBÖHLA"
"655";"MÖNCHSDEGGINGEN"
"656";"NERCHAU"
"657";"RÖFINGEN"
"658";"MIESBACH"
"659";"VLOTHO"
"660";"PFATTER"
"661";"WURMBERG"
"662";"LYCHEN"
"663";"WIEHE"
"664";"HILPOLTSTEIN"
"665";"DIEBURG"
"666";"REMSHALDEN"
"667";"KRONACH"
"668";"SERSHEIM"
"669";"LAUPHEIM"
"670";"MARL"
"671";"MÜHLINGEN"
"672";"OHORN"
"673";"MÖRLENBACH"
"674";"WEIDEN IN DER OBERPFALZ"
"675";"LEIBERTINGEN"
"676";"FRAUNBERG"
"677";"OBRIGHEIM"
"678";"NIEHEIM"
"679";"GÖRMIN"
"680";"ROSSDORF"
"681";"REHFELDE"
"682";"WERTHEIM"
"683";"VOLTLAGE"
"684";"OLDENSWORT"
"685";"LANGENLEUBA-NIEDERHAIN"
"686";"SCHORNSHEIM"
"687";"APPENWEIER"
"688";"LUCKAU"
"689";"FURTH"
"690";"BEESTEN"
"691";"BURGWALD"
"692";"ROSSBACH"
"693";"UNTERAMMERGAU"
"694";"WEISKIRCHEN"
"695";"PFOFELD"
"696";"GANGELT"
"697";"EMMERING"
"698";"MELLENSEE"
"699";"LECK"
"700";"LINZ AM RHEIN"
"701";"BRAUNFELS"
"702";"LÜTJENSEE"
"703";"JOSSGRUND"
"704";"HAUNETAL"
"705";"COLMBERG"
"706";"WELSCHBILLIG"
"707";"GROSS WOKERN"
"708";"EBERSBACH-MUSBACH"
"709";"REUTE"
"710";"BOCKHORN"
"711";"OBERMOSCHEL"
"712";"MONZELFELD"
"713";"MAULBRONN"
"714";"BREITENBRUNN"
"715";"WILTHEN"
"716";"LANGENFELD (RHEINLAND)"
"717";"LAUTENBACH"
"718";"LEONBERG"
"719";"VÖLPKE"
"720";"RUPPERSDORF"
"721";"TRIEFENSTEIN"
"722";"WIDDERN"
"723";"LEHMEN"
"724";"BÖTZOW"
"725";"BOCHUM"
"726";"HÜRUP"
"727";"DAUSENAU"
"728";"SCHWEINA"
"729";"ASPERG"
"730";"MONSCHAU"
"731";"BOTTENDORF"
"732";"CRIVITZ"
"733";"EBERSBACH AN DER FILS"
"734";"KIRKEL"
"735";"WONNEBERG"
"736";"BÜCKEN"
"737";"DORNUMERSIEL"
"738";"QUICKBORN"
"739";"ROSENDAHL"
"740";"UEHRDE"
"741";"GROSS-ROHRHEIM"
"742";"ZENTING"
"743";"NAGOLD"
"744";"HASSELROTH"
"745";"STEINHEIM AN DER MURR"
"746";"WANGEROGGE"
"747";"AURACH"
"748";"HERMESKEIL"
"749";"RÜDERSHAUSEN"
"750";"PENZLIN"
"751";"LEMWERDER"
"752";"AHRENSHAGEN"
"753";"KIRCHHEIM"
"754";"RHEINBROHL"
"755";"BÖRNSEN"
"756";"ÖSTRINGEN"
"757";"HALDENSLEBEN"
"758";"RÖTTENBACH"
"759";"SANGERHAUSEN"
"760";"DORNDORF"
"761";"KÖNIGSTEIN"
"762";"SCHÖNAU"
"763";"WETTRINGEN"
"764";"ASCHERSLEBEN"
"765";"BERNHARDSWALD"
"766";"HEINERSREUTH"
"767";"SCHOBÜLL"
"768";"RÜSSELSHEIM"
"769";"GLATTBACH"
"770";"MÜHLHAUSEN"
"771";"BAD REICHENHALL"
"772";"KÖNIGSBACH-STEIN"
"773";"SCHÖNECK"
"774";"WEDEL (HOLSTEIN)"
"775";"ELZ"
"776";"NEUMARK"
"777";"EGGINGEN"
"778";"LEHNIN"
"779";"RIEDERICH"
"780";"MERING"
"781";"FRÖNDENBERG"
"782";"NEUNKIRCHEN AM BRAND"
"783";"RATHENOW"
"784";"LONNERSTADT"
"785";"SCHÖNHEIDE"
"786";"STADTOLDENDORF"
"787";"ZWENKAU"
"788";"FRIEDERSDORF"
"789";"SCHWABACH"
"790";"STEINAU"
"791";"SILBERSTEDT"
"792";"WILMSHEIM"
"793";"GREIFSWALD"
"794";"OELDE"
"795";"NEUKIRCH"
"796";"WEISWEIL"
"797";"RIED"
"798";"TORGAU"
"799";"DÜRRLAUINGEN"
"800";"REICHENBACH"
"801";"ROTTENBUCH"
"802";"KÖNIGSTEIN IM TAUNUS"
"803";"JETZENDORF"
"804";"BAD SCHMIEDEBERG"
"805";"RÖTHENBACH (ALLGÄU)"
"806";"BELUM"
"807";"ALLENSBACH"
"808";"VIESELBACH"
"809";"KALTENTAL"
"810";"VOLKSTEDT"
"811";"AU AM RHEIN"
"812";"HOCHDORF"
"813";"EPPINGEN"
"814";"PFRONTEN"
"815";"WALDALGESHEIM"
"816";"HERZFELDE"
"817";"FORCHHEIM"
"818";"NERSINGEN"
"819";"LAUENHAGEN"
"820";"SINN"
"821";"LANGENBRETTACH"
"822";"WEITERSBURG"
"823";"TESSIN"
"824";"HERZOGENAURACH"
"825";"BOBBAU"
"826";"BREITBRUNN AM CHIEMSEE"
"827";"LEIMEN"
"828";"ROTTENDORF"
"829";"JEMBKE"
"830";"KETSCH"
"831";"BOCKHORN"
"832";"GARMISCH-PARTENKIRCHEN"
"833";"KALLMÜNZ"
"834";"EGGSTÄTT"
"835";"EIBELSTADT"
"836";"KÖTHEN"
"837";"WEEZE"
"838";"TÜSSLING"
"839";"LÜTZELBACH"
"840";"RUNDING"
"841";"GROSS KUMMERFELD"
"842";"BÜTTHARD"
"843";"CREUZBURG"
"844";"NEUENKIRCHEN"
"845";"OSTSEEBAD GRAAL"
"846";"HEIMBUCHENTHAL"
"847";"BREITUNGEN"
"848";"HASLOCH"
"849";"ZEULENRODA"
"850";"RÖMERBERG"
"851";"WENTORF BEI HAMBURG"
"852";"UNTERHACHING"
"853";"MESCHEDE"
"854";"HETTSTADT"
"855";"VÖHRINGEN"
"856";"NAUEN"
"857";"HOCHSTETTEN-DHAUN"
"858";"MÖNCHSROTH"
"859";"BANNESDORF AUF FEHMARN"
"860";"AYING"
"861";"BERGHÜLEN"
"862";"KAMP-LINTFORT"
"863";"LINGENFELD"
"864";"LIEDERBACH"
"865";"WEHRSDORF"
"866";"OTTERSWEIER"
"867";"HANDEWITT"
"868";"BRUCKBERG"
"869";"WEHRETAL"
"870";"BAD LAUTERBERG IM HARZ"
"871";"WESTERSTETTEN"
"872";"WECHMAR"
"873";"HERBSTEIN"
"874";"PRISDORF"
"875";"KLEINKAHL"
"876";"WILDENBERG"
"877";"BRIGACHTAL"
"878";"SAGARD"
"879";"BÜRSTADT"
"880";"KLUSSIEDLUNG"
"881";"SCHWEDENECK"
"882";"HAVIXBECK"
"883";"WÖHRDEN"
"884";"BÜRGSTADT"
"885";"GERMERSHEIM"
"886";"LÖCHGAU"
"887";"THURMANSBANG"
"888";"AISLINGEN"
"889";"DITTERSBACH"
"890";"MÜHLENBECK"
"891";"ESCHWEGE"
"892";"REINSDORF"
"893";"SODERSTORF"
"894";"BERUMBUR"
"895";"SCHIRGISWALDE"
"896";"BISINGEN"
"897";"PATERSDORF"
"898";"SCHLOTHEIM"
"899";"MANSFELD"
"900";"LENZEN"
"901";"AICHACH"
"902";"BARNSTÄDT"
"903";"STIMPFACH"
"904";"WERNSHAUSEN"
"905";"EDEWECHT"
"906";"HILDEN"
"907";"BEUTELSBACH"
"908";"BRAUNSCHWEIG"
"909";"PEISSEN"
"910";"PFRONSTETTEN"
"911";"ZINNA"
"912";"SCHWENNINGEN"
"913";"STELLE"
"914";"FRIELENDORF"
"915";"SAALOW"
"916";"VILLMAR"
"917";"GEBHARDSHAIN"
"918";"CRINITZ"
"919";"BEVERSTEDT"
"920";"MEMMINGEN"
"921";"DIERA"
"922";"BAD NENNDORF"
"923";"MESSEL"
"924";"BÖBRACH"
"925";"FÜRSTENSTEIN"
"926";"NEUSTADT AM MAIN"
"927";"SCHLAITDORF"
"928";"LUNDEN"
"929";"CRIMMITSCHAU"
"930";"OBERSEIFERSDORF"
"931";"WINDHAUSEN"
"932";"NEHREN"
"933";"REGEN"
"934";"HÖCHSTÄDT BEI THIERSHEIM"
"935";"OEREL"
"936";"LAGE"
"937";"NEUSTADT AN DER DONAU"
"938";"WITTLICH"
"939";"HASSEL"
"940";"FRIDOLFING"
"941";"LEINACH"
"942";"SALLGAST"
"943";"ANKUM"
"944";"HAINICHEN"
"945";"SACHSEN BEI ANSBACH"
"946";"SAARLOUIS"
"947";"WEISSENBRUNN"
"948";"HEMSLINGEN"
"949";"SAULHEIM"
"950";"LÜCHOW"
"951";"GRÄFENHAIN"
"952";"FREUDENBERG"
"953";"HUNDING"
"954";"WEISCHLITZ"
"955";"SPREENHAGEN"
"956";"RIELASINGEN-WORBLINGEN"
"957";"LANGENBERG"
"958";"HUDE (OLDENBURG)"
"959";"KÖNIGSTEIN"
"960";"SCHLADEN"
"961";"OELIXDORF"
"962";"RODING"
"963";"KRAKOW AM SEE"
"964";"KÖNIGSWINTER"
"965";"HÖRSTEL"
"966";"BREIDENBACH"
"967";"MALTERDINGEN"
"968";"BROMBACHTAL"
"969";"KISSING"
"970";"SULZBACH (TAUNUS)"
"971";"MUNZIG"
"972";"EIME"
"973";"HERZLAKE"
"974";"NESCHWITZ"
"975";"BEELEN"
"976";"AMTZELL"
"977";"EISINGEN"
"978";"BURGRIEDEN"
"979";"LADBERGEN"
"980";"DOBERSCHAU"
"981";"GROSSRINDERFELD"
"982";"AUENWALD"
"983";"REGENSBURG"
"984";"BINDLACH"
"985";"SIMONSWALD"
"986";"POCKING"
"987";"BAD IBURG"
"988";"KISDORF"
"989";"KIENBERG"
"990";"LENNESTADT"
"991";"RIMSTING"
"992";"WAISCHENFELD"
"993";"REMLINGEN"
"994";"BRUCHSAL"
"995";"WONFURT"
"996";"MÜHLANGER"
"997";"SCHUTTERWALD"
"998";"LUPPA"
"999";"HITZHOFEN"
"1000";"WYHL"
"1001";"BORSDORF"
"1002";"SANDERSLEBEN"
"1003";"BRUCHKÖBEL"
"1004";"PLUWIG"
"1005";"SCHONDORF AM AMMERSEE"
"1006";"LANGENARGEN"
"1007";"BAD ELSTER"
"1008";"ALTLANDSBERG"
"1009";"SASSENBURG"
"1010";"BÜTTELBORN"
"1011";"SOLTENDIECK"
"1012";"HALBLECH"
"1013";"KERNEN IM REMSTAL"
"1014";"ESCHENLOHE"
"1015";"RAVENSBURG"
"1016";"LÖBAU"
"1017";"BISCHOFFEN"
"1018";"BERGEN"
"1019";"BAD KISSINGEN"
"1020";"STAUDERNHEIM"
"1021";"RITTERSGRÜN"
"1022";"SANKT KATHARINEN BEI NEUWIED"
"1023";"BURGSTETTEN"
"1024";"PUTZKAU"
"1025";"DITTELSHEIM-HESSLOCH"
"1026";"ALTSHAUSEN"
"1027";"MARKDORF"
"1028";"REINFELD (HOLSTEIN)"
"1029";"GRÖNWOHLD"
"1030";"KÖNIGSMOOS"
"1031";"HERBSLEBEN"
"1032";"HAIDMÜHLE"
"1033";"NORTMOOR"
"1034";"NEUENHAUS"
"1035";"POSSENDORF"
"1036";"KOLBINGEN"
"1037";"SOSA"
"1038";"ZELL IM WIESENTAL"
"1039";"HAINA (KLOSTER)"
"1040";"ENSE"
"1041";"SONNEBERG"
"1042";"WADDEWEITZ"
"1043";"HOHENLEUBEN"
"1044";"GOMMERN"
"1045";"HERSCHBACH"
"1046";"PASSAU"
"1047";"BUCKENHOF"
"1048";"BURGLENGENFELD"
"1049";"HÜNSTETTEN"
"1050";"KLEIN NORDENDE"
"1051";"PARCHIM"
"1052";"AHNATAL"
"1053";"KÜPS"
"1054";"GERSDORF"
"1055";"BLUMBERG"
"1056";"GRIMMA"
"1057";"ERKNER"
"1058";"LANGWEDEL"
"1059";"UNKEL"
"1060";"KÖLLN-REISIEK"
"1061";"BALVE"
"1062";"BASTHEIM"
"1063";"DÜSSELDORF"
"1064";"DEMITZ"
"1065";"OBERNBURG AM MAIN"
"1066";"LANGENSTEIN"
"1067";"WEHR"
"1068";"BELM"
"1069";"ECHZELL"
"1070";"UNTERNEUKIRCHEN"
"1071";"MARKRANSTÄDT"
"1072";"MICHELAU IN OBERFRANKEN"
"1073";"MICHELSTADT"
"1074";"ORSINGEN-NENZINGEN"
"1075";"OBERNDORF AM LECH"
"1076";"FRAUENHAIN"
"1077";"WERBACH"
"1078";"HOHENROTH"
"1079";"RÖMHILD"
"1080";"BIRKEN-HONIGSESSEN"
"1081";"STEINSFELD"
"1082";"WUPPERTAL"
"1083";"WIETZENDORF"
"1084";"VELDEN"
"1085";"LANGGÖNS"
"1086";"MUTLANGEN"
"1087";"HANAU"
"1088";"NEUSTADT AN DER WALDNAAB"
"1089";"ATTING"
"1090";"ELCHINGEN"
"1091";"EVERSWINKEL"
"1092";"SCHWABHAUSEN BEI DACHAU"
"1093";"MARQUARTSTEIN"
"1094";"LEGDEN"
"1095";"VECKENSTEDT"
"1096";"EDIGER-ELLER"
"1097";"HATTERSHEIM AM MAIN"
"1098";"STRAHWALDE"
"1099";"EBERNHAHN"
"1100";"GROSSHENNERSDORF"
"1101";"VALLEY"
"1102";"GLESIEN"
"1103";"LUDWIGSHAFEN AM RHEIN"
"1104";"EMSTEK"
"1105";"EINBECK"
"1106";"MALCHOW"
"1107";"RADIBOR"
"1108";"LAMBSHEIM"
"1109";"NEUKIRCHEN"
"1110";"ARNSDORF"
"1111";"WOLPERTSWENDE"
"1112";"STEINEBACH"
"1113";"TRUSETAL"
"1114";"REBESGRÜN"
"1115";"FRIEDRICHSHAFEN"
"1116";"BELLENBERG"
"1117";"STEINBERGKIRCHE"
"1118";"KÖNIGHEIM"
"1119";"REMSECK AM NECKAR"
"1120";"GAMMERTINGEN"
"1121";"HOHENAU"
"1122";"WILLANZHEIM"
"1123";"TRECHTINGSHAUSEN"
"1124";"UNTEREGG"
"1125";"ALTENSTADT"
"1126";"HAMMERBRÜCKE"
"1127";"RIEDEN"
"1128";"WIESENBAD"
"1129";"MARIENHAFE"
"1130";"FREYENSTEIN"
"1131";"NORDHOLZ"
"1132";"ROLLSHAUSEN"
"1133";"BARNEBERG"
"1134";"BRIESKOW-FINKENHEERD"
"1135";"EMDEN"
"1136";"OBERSTENFELD"
"1137";"BELTHEIM"
"1138";"OBERRIEDEN"
"1139";"SCHWEIGEN-RECHTENBACH"
"1140";"THUINE"
"1141";"FRONTENHAUSEN"
"1142";"HOLZMADEN"
"1143";"RETTENBACH"
"1144";"HOLLENSTEDT"
"1145";"SCHWÜLPER"
"1146";"BÜLKAU"
"1147";"BRAUNSBACH"
"1148";"RATZEBURG"
"1149";"PRIEN AM CHIEMSEE"
"1150";"WALDENBURG"
"1151";"BREISACH AM RHEIN"
"1152";"BRÜCKEN (PFALZ)"
"1153";"FINSING"
"1154";"OPPENWEILER"
"1155";"KELLINGHUSEN"
"1156";"BOPPARD"
"1157";"SCHWIEBERDINGEN"
"1158";"NIDEGGEN"
"1159";"SCHEYERN"
"1160";"FELDBERG"
"1161";"ETZDORF"
"1162";"BONNDORF IM SCHWARZWALD"
"1163";"WINTRICH"
"1164";"DAUCHINGEN"
"1165";"BARNTRUP"
"1166";"STADTHAGEN"
"1167";"OBERTAUFKIRCHEN"
"1168";"FREIBERG AM NECKAR"
"1169";"AUHAGEN"
"1170";"MITTELSTETTEN"
"1171";"WOLFEGG"
"1172";"FLEIN"
"1173";"NETPHEN"
"1174";"KLOTTEN"
"1175";"AUFHAUSEN"
"1176";"WÖRRSTADT"
"1177";"LIEBENBURG"
"1178";"HÖCHBERG"
"1179";"GMUND AM TEGERNSEE"
"1180";"OBERTRUBACH"
"1181";"HOYM"
"1182";"RAUBACH"
"1183";"FUSSGÖNHEIM"
"1184";"KOBERN-GONDORF"
"1185";"WAGENFELD"
"1186";"ISSUM"
"1187";"PLAUEN"
"1188";"SCHWAIG BEI NÜRNBERG"
"1189";"KATLENBURG-LINDAU"
"1190";"OSTERHOFEN"
"1191";"UNTERSCHNEIDHEIM"
"1192";"WILDESHAUSEN"
"1193";"HORHAUSEN (WESTERWALD)"
"1194";"KANDERN"
"1195";"TECKLENBURG"
"1196";"GUSENBURG"
"1197";"NÜNCHRITZ"
"1198";"WALTERSHAUSEN"
"1199";"BESTENSEE"
"1200";"GOTTENHEIM"
"1201";"JÄNKENDORF"
"1202";"HEIMENKIRCH"
"1203";"FINSTERBERGEN"
"1204";"OTTERBERG"
"1205";"BARENBURG"
"1206";"WEISSBACH"
"1207";"FEILITZSCH"
"1208";"MALBORN"
"1209";"BEIERSDORF"
"1210";"HOHENASPE"
"1211";"NIEDERLEHME"
"1212";"RUHLA"
"1213";"MÜNSTERDORF"
"1214";"SANKT GEORGEN IM SCHWARZWALD"
"1215";"OPPENHEIM"
"1216";"BITZ"
"1217";"TRÖBITZ"
"1218";"VIERKIRCHEN"
"1219";"BRETTEN"
"1220";"INSHEIM"
"1221";"WALDDORFHÄSLACH"
"1222";"FÜRTH"
"1223";"LIEBERTWOLKWITZ"
"1224";"ÜHLINGEN-BIRKENDORF"
"1225";"PIRMASENS"
"1226";"HAIMING"
"1227";"MOERS"
"1228";"OFTERSCHWANG"
"1229";"LIPPSTADT"
"1230";"LADELUND"
"1231";"NAUMBURG"
"1232";"TRÖSTAU"
"1233";"STETTFELD"
"1234";"SÜDERLÜGUM"
"1235";"ESTORF"
"1236";"HOLDORF"
"1237";"PLEISSA"
"1238";"SCHAUFLING"
"1239";"BRECKERFELD"
"1240";"LEUBEN"
"1241";"WALDMÜNCHEN"
"1242";"ALSENZ"
"1243";"LANGEN"
"1244";"REHLING"
"1245";"BUCHHOLZ (ALLER)"
"1246";"ERKENBRECHTSWEILER"
"1247";"IBBENBÜREN"
"1248";"DIEPENAU"
"1249";"FEUCHT"
"1250";"ERNDTEBRÜCK"
"1251";"ZINNOWITZ"
"1252";"HANNOVER"
"1253";"MECKENBEUREN"
"1254";"PADERBORN"
"1255";"ANGERMÜNDE"
"1256";"LÜTJENBURG"
"1257";"REUTERSTADT STAVENHAGEN"
"1258";"RUNKEL"
"1259";"ROCKENBERG"
"1260";"NEUHAUSEN"
"1261";"GÜTENBACH"
"1262";"KLOSTERFELDE"
"1263";"MUNDERKINGEN"
"1264";"FRIEDLAND"
"1265";"DORMAGEN"
"1266";"AHLDEN"
"1267";"ROSENGARTEN"
"1268";"SIEGENBURG"
"1269";"GUSBORN"
"1270";"HEINADE"
"1271";"NORHEIM"
"1272";"JADE"
"1273";"WILDENFELS"
"1274";"CREMLINGEN"
"1275";"OSCHATZ"
"1276";"DILLINGEN/SAAR"
"1277";"METTMANN"
"1278";"BENNECKENSTEIN"
"1279";"ESGRUS"
"1280";"MERSCHWITZ"
"1281";"OBERTSHAUSEN"
"1282";"FAHRDORF"
"1283";"DÖMITZ"
"1284";"KETTENKAMP"
"1285";"STOCKHEIM"
"1286";"GRIMMEN"
"1287";"MÖLKAU"
"1288";"LEMGO"
"1289";"GROSS TWÜLPSTEDT"
"1290";"OFFENBURG"
"1291";"HAUSEN"
"1292";"RÜTHEN"
"1293";"HORNBACH"
"1294";"PATTENSEN"
"1295";"ERNSGADEN"
"1296";"SCHALLSTADT"
"1297";"MUGGENSTURM"
"1298";"OBERSINN"
"1299";"HALBERSTADT"
"1300";"SAGAR"
"1301";"SENSBACHTAL"
"1302";"NIEDERMURACH"
"1303";"KYLLBURG"
"1304";"ASBACH"
"1305";"KALTENKIRCHEN"
"1306";"AMBERG"
"1307";"NIEDERWINKLING"
"1308";"SOLTAU"
"1309";"OSTRO"
"1310";"ALTENGOTTERN"
"1311";"LIMBURGERHOF"
"1312";"JÖSSNITZ"
"1313";"NEINSTEDT"
"1314";"BUXHEIM"
"1315";"HEIMBACH"
"1316";"BORNHÖVED"
"1317";"DÜREN"
"1318";"NEIDSTEIN"
"1319";"RAMMINGEN"
"1320";"ALLMENDINGEN"
"1321";"MUDAU"
"1322";"WALLDORF"
"1323";"EISELFING"
"1324";"KRONBURG"
"1325";"LEIFERDE"
"1326";"SASSNITZ"
"1327";"MENGEN"
"1328";"WILSTEDT"
"1329";"NIENSTÄDT"
"1330";"CRANZAHL"
"1331";"SEINSHEIM"
"1332";"SICKTE"
"1333";"SULZEMOOS"
"1334";"HELMSTADT"
"1335";"WITTINGEN"
"1336";"FÜSSEN"
"1337";"MÜNCHENBERNSDORF"
"1338";"AITRANG"
"1339";"LUNESTEDT"
"1340";"ESTERWEGEN"
"1341";"KÜMMERSBRUCK"
"1342";"GERSTEN"
"1343";"ALTENKIRCHEN (WESTERWALD)"
"1344";"GROSSBOTHEN"
"1345";"REUTH BEI ERBENDORF"
"1346";"REICHENBACH"
"1347";"LINDOW"
"1348";"HEYNITZ"
"1349";"KALTENNORDHEIM"
"1350";"BAD WINDSHEIM"
"1351";"KALTENENGERS"
"1352";"NIEDERNEISEN"
"1353";"STÖTTEN AM AUERBERG"
"1354";"BAISWEIL"
"1355";"LILIENTHAL"
"1356";"REGNITZLOSAU"
"1357";"BREITNAU"
"1358";"SANKT JOHANN"
"1359";"BOXBERG"
"1360";"FRIEDRICHSDORF"
"1361";"OTTENDORF"
"1362";"EISINGEN"
"1363";"STEINGADEN"
"1364";"FREITAL"
"1365";"BACKNANG"
"1366";"BAUTZEN"
"1367";"LEHRE"
"1368";"OTTERSHEIM BEI LANDAU"
"1369";"ALTERTHEIM"
"1370";"GESLAU"
"1371";"WUSTROW"
"1372";"AICHHALDEN"
"1373";"BERNSDORF"
"1374";"PÖLITZ"
"1375";"ANGELBURG"
"1376";"FISCHBACHAU"
"1377";"NORDENDORF"
"1378";"QUERN"
"1379";"HOHENTENGEN AM HOCHRHEIN"
"1380";"RUPPERTSGRÜN"
"1381";"DAHLENBURG"
"1382";"WIEDNITZ"
"1383";"KEMNITZ"
"1384";"LUCKENWALDE"
"1385";"LANGENWEDDINGEN"
"1386";"WREMEN"
"1387";"JERICHOW"
"1388";"AUSLEBEN"
"1389";"LAUDENBACH"
"1390";"THÜR"
"1391";"ALTEGLOFSHEIM"
"1392";"LANGENSELBOLD"
"1393";"WEITNAU"
"1394";"LAUDA-KÖNIGSHOFEN"
"1395";"ERING"
"1396";"ALTENKIRCHEN"
"1397";"BAD LIPPSPRINGE"
"1398";"TUTZING"
"1399";"RHEURDT"
"1400";"GÜNZACH"
"1401";"SIEGBACH"
"1402";"WINSEN (LUHE)"
"1403";"SELM"
"1404";"HERGATZ"
"1405";"SCHMITTEN"
"1406";"ARBERG"
"1407";"NEIDLINGEN"
"1408";"IRSCHENBERG"
"1409";"REISKIRCHEN"
"1410";"UNTERSIEMAU"
"1411";"NITTEL"
"1412";"NACHRODT-WIBLINGWERDE"
"1413";"GREPPIN"
"1414";"BREITENBRUNN"
"1415";"LORCH"
"1416";"FREISEN"
"1417";"BIRKWITZ-PRATZSCHWITZ"
"1418";"VOGT"
"1419";"DIETZHÖLZTAL"
"1420";"ELLERAU"
"1421";"RHEINBÖLLEN"
"1422";"FAHRENBACH"
"1423";"WERNBERG-KÖBLITZ"
"1424";"FLADUNGEN"
"1425";"NIEDERKIRCHEN"
"1426";"DRENSTEINFURT"
"1427";"KAISERSESCH"
"1428";"DAMMBACH"
"1429";"BAAR"
"1430";"ENKENBACH-ALSENBORN"
"1431";"HÜRTGENWALD"
"1432";"GROSSSCHÖNAU"
"1433";"OLCHING"
"1434";"EPFENDORF"
"1435";"LANGENLONSHEIM"
"1436";"STEINFELD (OLDENBURG)"
"1437";"SULZDORF AN DER LEDERHECKE"
"1438";"OTTERNDORF"
"1439";"HEUSWEILER"
"1440";"RODENBERG"
"1441";"MODAUTAL"
"1442";"BENDESTORF"
"1443";"SCHORTENS"
"1444";"ALTENMÜNSTER"
"1445";"OBERWOLFACH"
"1446";"KEMTAU"
"1447";"RUDERTING"
"1448";"SCHWANDORF"
"1449";"NEUDENAU"
"1450";"BAUNATAL"
"1451";"BAD BERNECK"
"1452";"MIROW"
"1453";"RIEDENBURG"
"1454";"BAD ÜBERKINGEN"
"1455";"LOFFENAU"
"1456";"BÜDELSDORF"
"1457";"BENEDIKTBEUREN"
"1458";"BORDESHOLM"
"1459";"CROSTAU"
"1460";"NORDERNEY"
"1461";"ADELSRIED"
"1462";"ABENSBERG"
"1463";"PETERSHAGEN"
"1464";"GRAFSCHAFT"
"1465";"GARREL"
"1466";"WEISTROPP"
"1467";"DÖTLINGEN"
"1468";"WEYHE"
"1469";"ERLENBACH"
"1470";"REICHSHOF"
"1471";"MARLOFFSTEIN"
"1472";"HEBERTSFELDEN"
"1473";"MEERANE"
"1474";"LÜNEBURG"
"1475";"SINZING"
"1476";"SUSTRUM"
"1477";"ANZING"
"1478";"OBERSTDORF"
"1479";"LUHE-WILDENAU"
"1480";"MARKTGRAITZ"
"1481";"GEISENFELD"
"1482";"WAIN"
"1483";"BITTERFELD"
"1484";"STORKOW"
"1485";"KRANZBERG"
"1486";"MÖNCHWEILER"
"1487";"MAXDORF"
"1488";"TRUNKELSBERG"
"1489";"GÖGGINGEN"
"1490";"INZELL"
"1491";"WEISSDORF"
"1492";"NEUBRANDENBURG"
"1493";"GLASHÜTTE"
"1494";"OFTERDINGEN"
"1495";"DÖRVERDEN"
"1496";"ALFELD (LEINE)"
"1497";"LEIDERSBACH"
"1498";"RECKENDORF"
"1499";"LEIBLFING"
"1500";"KÖNIGSFELD IM SCHWARZWALD"
"1501";"BERGKIRCHEN"
"1502";"KIST"
"1503";"BRÜNLOS"
"1504";"GÜTERFELDE"
"1505";"LENZKIRCH"
"1506";"ERKELENZ"
"1507";"HÖCKENDORF"
"1508";"VIECHTACH"
"1509";"STIEFENHOFEN"
"1510";"RÜBENAU"
"1511";"POBERSHAU"
"1512";"RÜDESHEIM AM RHEIN"
"1513";"BAD SALZUFLEN"
"1514";"HEINSBERG"
"1515";"HOHNSTORF (ELBE)"
"1516";"VOGTSBURG IM KAISERSTUHL"
"1517";"BURG (DITHMARSCHEN)"
"1518";"NIEDERFELL"
"1519";"BAALBERGE"
"1520";"NEUBULACH"
"1521";"NEUENKIRCHEN"
"1522";"WIEDA"
"1523";"SIMMERATH"
"1524";"KARLSHULD"
"1525";"REHLINGEN"
"1526";"SCHAFSTEDT"
"1527";"WALDBREITBACH"
"1528";"HIMMELKRON"
"1529";"EBERN"
"1530";"AHAUS"
"1531";"GUDERHANDVIERTEL"
"1532";"GERINGSWALDE"
"1533";"BESELICH"
"1534";"ASCHAU IM CHIEMGAU"
"1535";"ROETGEN"
"1536";"EIMEN"
"1537";"GIESSEN"
"1538";"EITENSHEIM"
"1539";"NEU KALISS"
"1540";"JENA"
"1541";"NEURIED"
"1542";"LICHTERFELDE"
"1543";"WASSERLIESCH"
"1544";"AURACHTAL"
"1545";"GRAFENWÖHR"
"1546";"DÜRRHENNERSDORF"
"1547";"MOISBURG"
"1548";"PFAFFRODA"
"1549";"EBENHAUSEN"
"1550";"RINGELAI"
"1551";"WITTGENDORF"
"1552";"WILGARTSWIESEN"
"1553";"ALZENAU IN UNTERFRANKEN"
"1554";"MARKTRODACH"
"1555";"BAD WILSNACK"
"1556";"BAD TEINACH-ZAVELSTEIN"
"1557";"ALVESLOHE"
"1558";"KLEIN WANZLEBEN"
"1559";"LEEGEBRUCH"
"1560";"SCHNAITSEE"
"1561";"STADTKYLL"
"1562";"BEIERFELD"
"1563";"TITISEE-NEUSTADT"
"1564";"BINSWANGEN"
"1565";"SCHWARME"
"1566";"ITTLINGEN"
"1567";"NAUNDORF"
"1568";"BASDAHL"
"1569";"KIRCHENLAMITZ"
"1570";"GESTRATZ"
"1571";"NENTERSHAUSEN"
"1572";"TRITTENHEIM"
"1573";"FERNWALD"
"1574";"SCHIRMITZ"
"1575";"NEUKIRCH"
"1576";"RÖTHLEIN"
"1577";"NEUENHAGEN"
"1578";"BORKUM"
"1579";"TENGEN"
"1580";"DÄNISCHENHAGEN"
"1581";"RASDORF"
"1582";"UNDENHEIM"
"1583";"BRIEDEL"
"1584";"LEUN"
"1585";"GRAINAU"
"1586";"BURKHARDTSDORF"
"1587";"HASSBERGEN"
"1588";"WEMDING"
"1589";"FRIEDRICHSGRÜN"
"1590";"HÖRGERTSHAUSEN"
"1591";"ESCHENBACH IN DER OBERPFALZ"
"1592";"MICHELFELD"
"1593";"WIEREN"
"1594";"PFARRWEISACH"
"1595";"STEPHANSKIRCHEN"
"1596";"HATTENHOFEN"
"1597";"GRAFENGEHAIG"
"1598";"GÖSSNITZ"
"1599";"LOSHEIM"
"1600";"BIDINGEN"
"1601";"BURGEBRACH"
"1602";"SCHLANSTEDT"
"1603";"NEUBURG AM INN"
"1604";"LANGENHORN"
"1605";"KRÖLPA"
"1606";"LÜTZSCHENA"
"1607";"OBERLEICHTERSBACH"
"1608";"THUM"
"1609";"GEMMINGEN"
"1610";"EMMELSBÜLL-HORSBÜLL"
"1611";"NEUENKIRCHEN"
"1612";"NORTRUP"
"1613";"WILHELMSFELD"
"1614";"FÜNFSTETTEN"
"1615";"DÖRNTHAL"
"1616";"FACHBACH"
"1617";"RIMBACH"
"1618";"LEISNIG"
"1619";"HEUCHLINGEN"
"1620";"MARKTOFFINGEN"
"1621";"WISMAR"
"1622";"NEUSTRELITZ"
"1623";"BOHMTE"
"1624";"BERNSDORF"
"1625";"ISPRINGEN"
"1626";"WERNE"
"1627";"BAD MÜNSTER AM STEIN"
"1628";"INZLINGEN"
"1629";"WURMLINGEN"
"1630";"WOLFERODE"
"1631";"BIETIGHEIM-BISSINGEN"
"1632";"KIRN"
"1633";"MONZINGEN"
"1634";"BUCKOW"
"1635";"NEUFRA"
"1636";"THERES"
"1637";"LAHNTAL"
"1638";"DÖHLAU"
"1639";"ROTHENBURG OB DER TAUBER"
"1640";"HAMM"
"1641";"PAHLEN"
"1642";"LICHTENBERG"
"1643";"DORSTEN"
"1644";"BÜTZOW"
"1645";"RIEDE"
"1646";"GROSSHEUBACH"
"1647";"WEISENHEIM AM SAND"
"1648";"TANGERMÜNDE"
"1649";"COBURG"
"1650";"ADENSTEDT"
"1651";"OBERCUNNERSDORF"
"1652";"SCHROZBERG"
"1653";"DOSSENHEIM"
"1654";"SEHLDE"
"1655";"HETTINGEN"
"1656";"BERNRIED"
"1657";"ZSCHADRASS"
"1658";"KINDSBACH"
"1659";"KOHLBERG"
"1660";"SCHÖNINGEN"
"1661";"OBERRIEXINGEN"
"1662";"SCHAALBY"
"1663";"JANDELSBRUNN"
"1664";"GEFELL"
"1665";"SENNFELD"
"1666";"ESSINGEN"
"1667";"BACH AN DER DONAU"
"1668";"HÜNFELD"
"1669";"EGGENTHAL"
"1670";"BREITSCHEID"
"1671";"BORNA"
"1672";"MUNDELSHEIM"
"1673";"GINGEN AN DER FILS"
"1674";"DEUTSCHEINSIEDEL"
"1675";"MINFELD"
"1676";"GREVEN"
"1677";"SOLNHOFEN"
"1678";"NAUMBURG"
"1679";"IGERSHEIM"
"1680";"NIEDERBERGKIRCHEN"
"1681";"DETTELBACH"
"1682";"DONSIEDERS"
"1683";"SCHEINFELD"
"1684";"HIDDENHAUSEN"
"1685";"WESSLING"
"1686";"DAMP"
"1687";"GRAFRATH"
"1688";"KUMHAUSEN"
"1689";"MERKENDORF"
"1690";"LANGENCHURSDORF"
"1691";"PUTZBRUNN"
"1692";"KELLHUSEN (OSTSEE)"
"1693";"ZERBST"
"1694";"ELMENHORST"
"1695";"NECKARBISCHOFSHEIM"
"1696";"PULHEIM"
"1697";"BROKSTEDT"
"1698";"HOHENFICHTE"
"1699";"PRACKENBACH"
"1700";"PREUSSISCH OLDENDORF"
"1701";"PYRBAUM"
"1702";"THEILHEIM"
"1703";"WIESETH"
"1704";"SULZBACH-LAUFEN"
"1705";"OPFENBACH"
"1706";"HEMMINGEN"
"1707";"REPPENSTEDT"
"1708";"WASSERLOSEN"
"1709";"MARTINSHEIM"
"1710";"HATZFELD (EDER)"
"1711";"NEUBEUERN"
"1712";"WEHRHEIM"
"1713";"FRIEDENFELS"
"1714";"SPECHBACH"
"1715";"HERZOGENRATH"
"1716";"MAMMENDORF"
"1717";"KNÜLLWALD"
"1718";"MILTITZ"
"1719";"DOLLNSTEIN"
"1720";"BURGBERG IM ALLGÄU"
"1721";"HAGENWERDER"
"1722";"LANGENENSLINGEN"
"1723";"PALLING"
"1724";"ELLERBEK"
"1725";"TODTNAU"
"1726";"DEININGEN"
"1727";"EIBENSTOCK"
"1728";"GLOTTERTAL"
"1729";"MELLRICHSTADT"
"1730";"BAD BERKA"
"1731";"PLEINFELD"
"1732";"HASBERGEN"
"1733";"IDAR-OBERSTEIN"
"1734";"TRIPPSTADT"
"1735";"LOBBACH"
"1736";"HEILSBRONN"
"1737";"MALENTE"
"1738";"SCHWARZACH"
"1739";"HARGESHEIM"
"1740";"SCHERMBECK"
"1741";"WEFENSLEBEN"
"1742";"MARKT BEROLZHEIM"
"1743";"CÖLBE"
"1744";"KONSTANZ"
"1745";"KIRCHDORF AN DER AMPER"
"1746";"HEBERTSHAUSEN"
"1747";"RALINGEN"
"1748";"MÜLHEIM AN DER RUHR"
"1749";"BUXTEHUDE"
"1750";"FINOWFURT"
"1751";"MACKENBACH"
"1752";"HELLENHAHN-SCHELLENBERG"
"1753";"VÖRSTETTEN"
"1754";"NESSE"
"1755";"ARNSCHWANG"
"1756";"MOHSDORF"
"1757";"BUNDORF"
"1758";"HAMBÜHREN"
"1759";"FRIESACK"
"1760";"HEUCHELHEIM"
"1761";"LENGERICH"
"1762";"NEUSORG"
"1763";"DENKLINGEN"
"1764";"ARRACH"
"1765";"ISSIGAU"
"1766";"ZEITLOFS"
"1767";"WÜLKNITZ"
"1768";"MORSCHEN"
"1769";"KAMENZ"
"1770";"PILSTING"
"1771";"SCHEURING"
"1772";"RIETSCHEN"
"1773";"HEEMSEN"
"1774";"RUGENDORF"
"1775";"LEUNA"
"1776";"BADENHAUSEN"
"1777";"BERG (PFALZ)"
"1778";"KELTERN"
"1779";"FRIEDBERG (HESSEN)"
"1780";"NÜRNBERG"
"1781";"REICHENBACH"
"1782";"PFORZHEIM"
"1783";"KASTL"
"1784";"FENSTERBACH"
"1785";"GELDERN"
"1786";"RHEINE"
"1787";"QUERFURT"
"1788";"MELSBACH"
"1789";"RENDSBURG"
"1790";"SPEICHERSDORF"
"1791";"BISSINGEN AN DER TECK"
"1792";"WOLFEN"
"1793";"OTTENHOFEN"
"1794";"URSENSOLLEN"
"1795";"LANGENWETZENDORF"
"1796";"LANGENBERNSDORF"
"1797";"NÖRTEN-HARDENBERG"
"1798";"MÖCKERN"
"1799";"SCHLECHING"
"1800";"SULZBURG"
"1801";"BAD FÜSSING"
"1802";"BALJE"
"1803";"OTTWEILER"
"1804";"GUTACH (SCHWARZWALDBAHN)"
"1805";"MÜHLHEIM AM MAIN"
"1806";"GEIERSTHAL"
"1807";"FÜRTHEN"
"1808";"KIEBITZREIHE"
"1809";"GINSHEIM-GUSTAVSBURG"
"1810";"WEILBACH"
"1811";"ANGELBACHTAL"
"1812";"STEINKIRCHEN"
"1813";"REICHENBACH"
"1814";"SCHECHEN"
"1815";"KAMP-BORNHOFEN"
"1816";"ESCHERSHAUSEN"
"1817";"KELHEIM"
"1818";"ELLRICH"
"1819";"DENKENDORF"
"1820";"BIEDENKOPF"
"1821";"FROSE"
"1822";"GENDERKINGEN"
"1823";"WITTIGHAUSEN"
"1824";"BONN"
"1825";"GEMÜNDEN (WOHRA)"
"1826";"OETZEN"
"1827";"GÖRZKE"
"1828";"CADENBERGE"
"1829";"ELLEFELD"
"1830";"WIRGES"
"1831";"SIEGBURG"
"1832";"HAAG IN OBERBAYERN"
"1833";"BUNDE"
"1834";"SCHRIESHEIM"
"1835";"WACKERNHEIM"
"1836";"HATTEN"
"1837";"ELBTAL"
"1838";"BÖBINGEN AN DER REMS"
"1839";"KÖLLEDA"
"1840";"BÜCHEN"
"1841";"JOHANNISKIRCHEN"
"1842";"LINNICH"
"1843";"PORTA WESTFALICA"
"1844";"OBERNHEIM-KIRCHENARNBACH"
"1845";"VILSBIBURG"
"1846";"LENGENFELD"
"1847";"MASSENBACHHAUSEN"
"1848";"NIEDER-OLM"
"1849";"NEUKIRCHEN-BALBINI"
"1850";"HOFBIEBER"
"1851";"WETZLAR"
"1852";"ZITTAU"
"1853";"DEGGENDORF"
"1854";"OSTERSPAI"
"1855";"STENN"
"1856";"BISCHWEIER"
"1857";"EURASBURG"
"1858";"KELBRA"
"1859";"WEHRSTADT"
"1860";"KIRCHEHRENBACH"
"1861";"GREMSDORF"
"1862";"NIEDERGÖRSDORF"
"1863";"MOLFSEE"
"1864";"RENNINGEN"
"1865";"ALPENROD"
"1866";"GROSSGRIMMA"
"1867";"MARBACH AM NECKAR"
"1868";"GROSSHARTHAU"
"1869";"REICHLING"
"1870";"FREIHUNG"
"1871";"ORTENBERG"
"1872";"EDENKOBEN"
"1873";"PETERSHAUSEN"
"1874";"FILDERSTADT"
"1875";"WEISSBACH"
"1876";"BEHRINGEN"
"1877";"SULZBACH/SAAR"
"1878";"BACHARACH"
"1879";"BAD LIEBENWERDA"
"1880";"BORGSTEDT"
"1881";"LINDENBERG IM ALLGÄU"
"1882";"OESTRICH-WINKEL"
"1883";"ANNABURG"
"1884";"VÖHL"
"1885";"STEINKIRCHEN"
"1886";"WULFERSTEDT"
"1887";"MASSWEILER"
"1888";"LEINZELL"
"1889";"BIELATAL"
"1890";"BARNSTORF"
"1891";"ZABERFELD"
"1892";"EDDELAK"
"1893";"ERLENBACH BEI MARKTHEIDENFELD"
"1894";"TROSSINGEN"
"1895";"TIRSCHENREUTH"
"1896";"OBERMICHELBACH"
"1897";"LINDERN (OLDENBURG)"
"1898";"LANGENBURG"
"1899";"SCHEER"
"1900";"BORNICH"
"1901";"WEWELSFLETH"
"1902";"BADENWEILER"
"1903";"WALLENFELS"
"1904";"LÜTZEN"
"1905";"MARKTHEIDENFELD"
"1906";"HAUSEN"
"1907";"RHUMSPRINGE"
"1908";"PFAFFENHOFEN AN DER GLONN"
"1909";"NERESHEIM"
"1910";"SCHWABSOIEN"
"1911";"WELLHEIM"
"1912";"WALCHUM"
"1913";"LAMPERTHEIM"
"1914";"GIMBSHEIM"
"1915";"ELBINGERODE"
"1916";"SPAHNHARRENSTÄTTE"
"1917";"SONNEFELD"
"1918";"SCHLEUSINGEN"
"1919";"LAUTERHOFEN"
"1920";"ANSBACH"
"1921";"ALTENFELD"
"1922";"ZIERENBERG"
"1923";"RIESTE"
"1924";"ESCHBACH"
"1925";"EISENHÜTTENSTADT"
"1926";"HAGENBACH"
"1927";"WIPPERDORF"
"1928";"RETHEM (ALLER)"
"1929";"GRÖNENBACH"
"1930";"SCHWEICH"
"1931";"MENSLAGE"
"1932";"DREBKAU"
"1933";"MECKENHEIM"
"1934";"HEIDENAU"
"1935";"BOOS"
"1936";"LEOPOLDSHÖHE"
"1937";"PRATAU"
"1938";"HUGLFING"
"1939";"KÜHBACH"
"1940";"MAGDEBURG"
"1941";"VÖHRENBACH"
"1942";"WACHENROTH"
"1943";"DONAUESCHINGEN"
"1944";"BREITSCHEID"
"1945";"PFEFFENHAUSEN"
"1946";"GLEICHEN"
"1947";"FRANZBURG"
"1948";"SÜDERSTAPEL"
"1949";"KRUMHERMERSDORF"
"1950";"TRAUNREUT"
"1951";"WEIDING"
"1952";"SCHLANGENBAD"
"1953";"REESSUM"
"1954";"FORST"
"1955";"ERTINGEN"
"1956";"BRUNNTHAL"
"1957";"EISENHEIM"
"1958";"USINGEN"
"1959";"LÖRZWEILER"
"1960";"WALLMODEN"
"1961";"FÜRFELD"
"1962";"ÜBACH-PALENBERG"
"1963";"HAGEN IM BREMISCHEN"
"1964";"OSTERCAPPELN"
"1965";"BOCHOLT"
"1966";"WIESENBACH"
"1967";"HIRSCHAID"
"1968";"KARLSTADT"
"1969";"SULZBERG"
"1970";"BAD TÖLZ"
"1971";"HÖFEN AN DER ENZ"
"1972";"BOBINGEN"
"1973";"AHLEN"
"1974";"RÖDERMARK"
"1975";"BÖBLINGEN"
"1976";"PONITZ"
"1977";"KETTIG"
"1978";"DEINSTE"
"1979";"SCHWAFÖRDEN"
"1980";"DEUTSCH EVERN"
"1981";"HAGELSTADT"
"1982";"LANGENBACH"
"1983";"TREBBIN"
"1984";"STEINIGTWOLMSDORF"
"1985";"KUCHEN"
"1986";"BEILRODE"
"1987";"GÜGLINGEN"
"1988";"KRAUCHENWIES"
"1989";"AUMÜHLE"
"1990";"ROSSBACH"
"1991";"LANGEN"
"1992";"GSCHWEND"
"1993";"TITTING"
"1994";"KLÜTZ"
"1995";"GLINDE"
"1996";"BAIERN"
"1997";"ENDORF IN OBERBAYERN"
"1998";"SCHLANGEN"
"1999";"WULFTEN"
"2000";"RIENECK"
